-- MySQL dump 10.13  Distrib 8.1.0, for Win64 (x86_64)
--
-- Host: localhost    Database: bobashop
-- ------------------------------------------------------
-- Server version	8.1.0

/*!40101 SET @OLD_CHARACTER_SET_CLIENT=@@CHARACTER_SET_CLIENT */;
/*!40101 SET @OLD_CHARACTER_SET_RESULTS=@@CHARACTER_SET_RESULTS */;
/*!40101 SET @OLD_COLLATION_CONNECTION=@@COLLATION_CONNECTION */;
/*!50503 SET NAMES utf8 */;
/*!40103 SET @OLD_TIME_ZONE=@@TIME_ZONE */;
/*!40103 SET TIME_ZONE='+00:00' */;
/*!40014 SET @OLD_UNIQUE_CHECKS=@@UNIQUE_CHECKS, UNIQUE_CHECKS=0 */;
/*!40014 SET @OLD_FOREIGN_KEY_CHECKS=@@FOREIGN_KEY_CHECKS, FOREIGN_KEY_CHECKS=0 */;
/*!40101 SET @OLD_SQL_MODE=@@SQL_MODE, SQL_MODE='NO_AUTO_VALUE_ON_ZERO' */;
/*!40111 SET @OLD_SQL_NOTES=@@SQL_NOTES, SQL_NOTES=0 */;

--
-- Table structure for table `customers`
--

DROP TABLE IF EXISTS `customers`;
/*!40101 SET @saved_cs_client     = @@character_set_client */;
/*!50503 SET character_set_client = utf8mb4 */;
CREATE TABLE `customers` (
  `customer_id` varchar(5) NOT NULL,
  `first_name` text,
  `last_name` text,
  `email` text,
  `phone_number` text,
  `loyaltea_points` bigint DEFAULT NULL,
  `favourite_tea_id` varchar(5) DEFAULT NULL,
  `favourite_flavour_id` varchar(5) DEFAULT NULL,
  `favourite_topping_id` varchar(5) DEFAULT NULL,
  PRIMARY KEY (`customer_id`),
  KEY `favourite_tea_id` (`favourite_tea_id`),
  KEY `favourite_flavour_id` (`favourite_flavour_id`),
  KEY `favourite_topping_id` (`favourite_topping_id`),
  CONSTRAINT `customers_ibfk_1` FOREIGN KEY (`favourite_tea_id`) REFERENCES `teas` (`tea_id`),
  CONSTRAINT `customers_ibfk_2` FOREIGN KEY (`favourite_flavour_id`) REFERENCES `flavours` (`flavour_id`),
  CONSTRAINT `customers_ibfk_3` FOREIGN KEY (`favourite_topping_id`) REFERENCES `toppings` (`topping_id`)
) ENGINE=InnoDB DEFAULT CHARSET=utf8mb4 COLLATE=utf8mb4_0900_ai_ci;
/*!40101 SET character_set_client = @saved_cs_client */;

--
-- Dumping data for table `customers`
--

LOCK TABLES `customers` WRITE;
/*!40000 ALTER TABLE `customers` DISABLE KEYS */;
INSERT INTO `customers` VALUES ('C01','Alix','Pretious','apretious0@google.ca',NULL,2,'T3','F04','P12'),('C02','Maryanne','Borwick','mborwick1@domainmarket.com',NULL,13,'T4','F02','P01'),('C03','Ranna','Betke','rbetke2@usatoday.com',NULL,11,'T4','F05',NULL),('C04','Paulita','Falkous','pfalkous3@ocn.ne.jp',NULL,6,'T3','F08','P10'),('C05','Joice','Cleife','jcleife4@homestead.com','3635675956',6,NULL,'F07','P07'),('C06','Derry','Dorin','ddorin5@uiuc.edu','2395128789',9,'T5','F06','P05'),('C07','Falito','Scolts','fscolts6@berkeley.edu','2873176938',5,'T5','F06','P09'),('C08','Leone','Ioannidis','lioannidis7@baidu.com','1248547141',12,'T5','F07','P02'),('C09','Hugibert','Gierhard','hgierhard8@naver.com',NULL,0,'T4','F01','P03'),('C10','Dyanna','Gairdner','dgairdner9@hostgator.com','3099888368',3,'T1','F10','P07'),('C11','Roanna','Bosworth','rboswortha@yahoo.co.jp','6302070255',1,'T3','F06','P03'),('C12','Alyssa','Ivanovic','aivanovicb@wunderground.com','1501202869',10,'T3','F07','P09'),('C13','Lanette','Mumbeson','lmumbesonc@wiley.com','2451867337',3,'T5','F09','P12'),('C14','Jammal','Haylock','jhaylockd@angelfire.com',NULL,10,'T3','F08','P10'),('C15','Charles','Kynson','ckynsone@ucla.edu','5731353038',13,'T2','F02','P10'),('C16','Devi','Mcmanaman','dmcmanamanf@posterous.com','1218478883',1,'T5','F06','P13'),('C17','Brooke','Baude','bbaudeg@sogou.com',NULL,14,'T5','F09','P07'),('C18','Jan','Iddison','jiddisonh@gravatar.com','4239368087',4,'T4','F02','P07'),('C19','Tandi','Maunders','tmaundersi@i2i.jp','8752601052',12,'T5','F10','P12'),('C20','Collette','Haldin','chaldinj@hatena.ne.jp',NULL,2,'T5','F07','P08'),('C21','Parry','Matashkin','pmatashkink@paginegialle.it',NULL,9,'T1','F09','P06'),('C22','Matilda','Tommis','mtommisl@amazon.co.jp','9899362103',13,'T4','F01',NULL),('C23','Sammy','Romanetti','sromanettim@gmpg.org','7089903985',7,'T1','F10','P04'),('C24','Sydel','Geake','sgeaken@slashdot.org',NULL,9,'T2','F02','P01'),('C25','Maxi','Parell','mparello@vk.com','9691662287',13,'T2','F01','P04'),('C26','Lara','Duckering','lduckeringp@weather.com','5635517100',7,'T1','F05','P13'),('C27','Malena','Melross','mmelrossq@geocities.com','7066101368',4,'T4','F09','P14'),('C28','Elicia','Huddy','ehuddyr@jigsy.com','8212841975',7,'T2','F09',NULL),('C29','Darsie','Skudder','dskudders@linkedin.com','6545744774',6,'T3','F02','P11'),('C30','Angelo','Ivshin','aivshint@skype.com','4492007861',13,NULL,'F07','P10'),('C31','Livy','Bromet','lbrometu@weebly.com','6023250533',0,'T3','F07',NULL),('C32','Emmey','Keitley','ekeitleyv@phpbb.com','5778958773',5,NULL,'F10','P04'),('C33','Nellie','Regnard','nregnardw@cnet.com','3478806772',8,'T5','F10','P03'),('C34','Robin','Maskelyne','rmaskelynex@goo.ne.jp','9561071468',7,'T2','F10','P11'),('C35','Cindy','Croughan','ccroughany@posterous.com',NULL,3,'T3','F03','P02'),('C36','Charmine','Cage','ccagez@bing.com','2597658387',13,'T2','F02','P08'),('C37','Chelsey','Edmead','cedmead10@symantec.com','1317166835',8,'T2','F04','P08'),('C38','Rose','Quaif','rquaif11@archive.org','3491592416',10,'T5','F05','P04'),('C39','Bernie','Selvester','bselvester12@theatlantic.com','3144990482',10,NULL,'F08','P08'),('C40','Anton','Klempke','aklempke13@wikia.com','2841585187',4,'T2',NULL,'P12'),('C41','Yoshiko','Garnson','ygarnson14@dell.com','2708637212',13,'T4','F04','P13'),('C42','Yolane','Keighley','ykeighley15@europa.eu',NULL,11,'T3','F05','P13'),('C43','Bronny','Parkman','bparkman16@theguardian.com','5191497622',5,'T2','F08','P11'),('C44','Seana','Bolle','sbolle17@tumblr.com',NULL,6,'T1','F08','P02'),('C45','Sondra','Filippello','sfilippello18@mashable.com','5983419570',7,'T4','F05','P11'),('C46','Jodie','Lile','jlile19@wix.com','3233353082',8,'T5','F05','P13'),('C47','Pierson','Tremathick','ptremathick1a@etsy.com','8834145170',6,'T3','F08','P12'),('C48','Corey','Swait','cswait1b@oracle.com','3322732262',4,'T3','F02','P06'),('C49','Caty','Davidman','cdavidman1c@state.gov','8677855033',2,'T2','F10','P02'),('C50','Bryanty','Key','bkey1d@mapy.cz',NULL,7,'T1','F10','P05'),('C51','Sally','Hayter','s.hayter3@email.com','9482262456',6,'T1','F01','P01'),('C52','Eun-Yeong','Song','songe-y64@bing.co.sk','7229318128',12,'T5','F02','P03'),('C53','Samir','Bhattacharyya','lord_bhattacharyya@weebly.com','2078574287',3,'T3','F06','P11'),('C54','Yijun','Xu','xu.yijun10@baidu.com',NULL,6,'T1','F03','P01'),('C55','Jake','Huddy','jhuddy0@jigsy.com','4591483355',4,'T5','F08',NULL),('C56','Brian','Williams','bwilliams12@mymaths.edu','9516089591',6,'T2','F10','P05'),('C57','Aurelia','Sawa','asawa66@mail.gov',NULL,10,'T3','F06','P02'),('C58','Julia','Tsang','jtsang21@intel.co.de','9363819025',12,'T3','F08','P10'),('C59','Jason','McKenzie','mckenziej4@yipee.com','6499606794',10,NULL,'F03','P03'),('C60','Aleks','Marchut','amarchut15@vice.com','9189897361',2,'T3','F04','P06'),('C61','Grace','Reeves','greeves2@beep.eu',NULL,4,'T4','F02','P01');
/*!40000 ALTER TABLE `customers` ENABLE KEYS */;
UNLOCK TABLES;

--
-- Table structure for table `flavours`
--

DROP TABLE IF EXISTS `flavours`;
/*!40101 SET @saved_cs_client     = @@character_set_client */;
/*!50503 SET character_set_client = utf8mb4 */;
CREATE TABLE `flavours` (
  `flavour_id` varchar(5) NOT NULL,
  `flavour_name` varchar(15) DEFAULT NULL,
  `in_stock` tinyint(1) DEFAULT NULL,
  PRIMARY KEY (`flavour_id`)
) ENGINE=InnoDB DEFAULT CHARSET=utf8mb4 COLLATE=utf8mb4_0900_ai_ci;
/*!40101 SET character_set_client = @saved_cs_client */;

--
-- Dumping data for table `flavours`
--

LOCK TABLES `flavours` WRITE;
/*!40000 ALTER TABLE `flavours` DISABLE KEYS */;
INSERT INTO `flavours` VALUES ('F01','MilkDairy',1),('F02','MilkSoy',0),('F03','BrownSugar',1),('F04','Honeydew',1),('F05','Lychee',1),('F06','Mango',1),('F07','Passionfruit',0),('F08','Peach',1),('F09','Strawberry',0),('F10','Taro',1);
/*!40000 ALTER TABLE `flavours` ENABLE KEYS */;
UNLOCK TABLES;

--
-- Table structure for table `payment`
--

DROP TABLE IF EXISTS `payment`;
/*!40101 SET @saved_cs_client     = @@character_set_client */;
/*!50503 SET character_set_client = utf8mb4 */;
CREATE TABLE `payment` (
  `paycode` varchar(5) NOT NULL,
  `job_title` varchar(30) DEFAULT NULL,
  `hourly_rate` decimal(4,2) DEFAULT NULL,
  `bonus_percent` int DEFAULT NULL,
  PRIMARY KEY (`paycode`)
) ENGINE=InnoDB DEFAULT CHARSET=utf8mb4 COLLATE=utf8mb4_0900_ai_ci;
/*!40101 SET character_set_client = @saved_cs_client */;

--
-- Dumping data for table `payment`
--

LOCK TABLES `payment` WRITE;
/*!40000 ALTER TABLE `payment` DISABLE KEYS */;
INSERT INTO `payment` VALUES ('AM12','Assistant Manager',12.40,20),('BB11','Bubble Barista',11.10,10),('SM14','Store Manager',14.00,25);
/*!40000 ALTER TABLE `payment` ENABLE KEYS */;
UNLOCK TABLES;

--
-- Table structure for table `sales`
--

DROP TABLE IF EXISTS `sales`;
/*!40101 SET @saved_cs_client     = @@character_set_client */;
/*!50503 SET character_set_client = utf8mb4 */;
CREATE TABLE `sales` (
  `sale_id` int NOT NULL AUTO_INCREMENT,
  `customer_id` varchar(5) NOT NULL,
  `staff_id` varchar(5) NOT NULL,
  `sale_date` date DEFAULT NULL,
  `sale_time` time DEFAULT NULL,
  `price` decimal(3,2) NOT NULL,
  `tea_id` varchar(5) NOT NULL,
  `flavour_id` varchar(5) NOT NULL,
  `topping1_id` varchar(5) DEFAULT NULL,
  `topping2_id` varchar(5) DEFAULT NULL,
  PRIMARY KEY (`sale_id`),
  KEY `staff_id` (`staff_id`),
  KEY `customer_id` (`customer_id`),
  KEY `tea_id` (`tea_id`),
  KEY `flavour_id` (`flavour_id`),
  KEY `topping1_id` (`topping1_id`),
  KEY `topping2_id` (`topping2_id`),
  CONSTRAINT `sales_ibfk_1` FOREIGN KEY (`staff_id`) REFERENCES `staff` (`staff_id`),
  CONSTRAINT `sales_ibfk_2` FOREIGN KEY (`customer_id`) REFERENCES `customers` (`customer_id`),
  CONSTRAINT `sales_ibfk_3` FOREIGN KEY (`tea_id`) REFERENCES `teas` (`tea_id`),
  CONSTRAINT `sales_ibfk_4` FOREIGN KEY (`flavour_id`) REFERENCES `flavours` (`flavour_id`),
  CONSTRAINT `sales_ibfk_5` FOREIGN KEY (`topping1_id`) REFERENCES `toppings` (`topping_id`),
  CONSTRAINT `sales_ibfk_6` FOREIGN KEY (`topping2_id`) REFERENCES `toppings` (`topping_id`)
) ENGINE=InnoDB AUTO_INCREMENT=604 DEFAULT CHARSET=utf8mb4 COLLATE=utf8mb4_0900_ai_ci;
/*!40101 SET character_set_client = @saved_cs_client */;

--
-- Dumping data for table `sales`
--

LOCK TABLES `sales` WRITE;
/*!40000 ALTER TABLE `sales` DISABLE KEYS */;
INSERT INTO `sales` VALUES (1,'C56','S210','2023-11-06','11:22:12',4.50,'T2','F03','P14','P05'),(2,'C21','S001','2023-11-06','12:34:23',5.00,'T5','F10','P14','P06'),(3,'C46','S103','2023-11-06','12:42:45',4.00,'T5','F08','P02',NULL),(4,'C19','S206','2023-11-06','12:54:24',4.50,'T2','F08','P06','P01'),(5,'C47','S001','2023-11-06','13:29:29',4.50,'T5','F10','P03','P08'),(6,'C36','S103','2023-11-06','13:43:18',4.00,'T1','F08','P01',NULL),(7,'C14','S102','2023-11-06','14:30:39',4.35,'T4','F01','P02',NULL),(8,'C10','S207','2023-11-06','14:45:51',4.35,'T2','F07','P07',NULL),(9,'C18','S210','2023-11-06','14:58:56',4.00,'T3','F02','P08',NULL),(10,'C12','S209','2023-11-06','15:07:01',3.50,'T4','F04',NULL,NULL),(11,'C53','S207','2023-11-06','15:47:27',4.00,'T5','F06','P05',NULL),(12,'C17','S205','2023-11-06','16:01:59',4.50,'T1','F06','P14','P11'),(13,'C13','S207','2023-11-06','16:35:03',5.00,'T5','F09','P02','P12'),(14,'C37','S207','2023-11-06','16:47:05',5.00,'T2','F07','P09','P06'),(15,'C23','S209','2023-11-06','17:04:47',4.00,'T4','F08','P07',NULL),(16,'C26','S209','2023-11-06','17:05:52',4.00,'T3','F09','P09',NULL),(17,'C41','S209','2023-11-06','17:10:31',4.35,'T1','F03','P05',NULL),(18,'C20','S209','2023-11-06','17:13:20',4.50,'T4','F02','P09','P06'),(19,'C33','S210','2023-11-06','17:41:05',4.00,'T4','F02','P13',NULL),(20,'C57','S207','2023-11-07','11:07:58',5.00,'T4','F08','P02','P07'),(21,'C49','S205','2023-11-07','11:15:55',5.00,'T1','F08','P03','P02'),(22,'C01','S206','2023-11-07','11:32:19',4.00,'T3','F10','P08',NULL),(23,'C19','S205','2023-11-07','11:32:23',4.50,'T1','F07','P06','P13'),(24,'C43','S208','2023-11-07','11:46:09',4.35,'T3','F06','P01',NULL),(25,'C13','S102','2023-11-07','11:47:25',4.50,'T5','F06','P14','P04'),(26,'C51','S208','2023-11-07','12:44:32',4.00,'T1','F09','P03',NULL),(27,'C02','S205','2023-11-07','12:45:26',4.50,'T1','F07','P05','P08'),(28,'C14','S209','2023-11-07','12:48:49',4.00,'T1','F10','P10',NULL),(29,'C16','S206','2023-11-07','13:08:17',4.50,'T2','F02','P13','P07'),(30,'C32','S209','2023-11-07','14:01:14',5.00,'T5','F09','P05','P02'),(31,'C57','S103','2023-11-07','14:07:18',4.00,'T3','F03','P01',NULL),(32,'C58','S103','2023-11-07','14:45:01',4.35,'T2','F10','P07',NULL),(33,'C08','S205','2023-11-07','14:47:44',4.00,'T4','F08','P13',NULL),(34,'C01','S208','2023-11-07','16:04:08',4.50,'T2','F04','P12','P10'),(35,'C21','S205','2023-11-07','16:05:25',4.50,'T5','F08','P12','P06'),(36,'C39','S207','2023-11-07','17:13:54',4.00,'T1','F10','P02',NULL),(37,'C16','S001','2023-11-07','17:41:43',4.50,'T1','F03','P04','P02'),(38,'C33','S210','2023-11-08','11:03:06',5.00,'T3','F10','P12','P14'),(39,'C31','S102','2023-11-08','11:19:49',4.00,'T5','F03','P04',NULL),(40,'C57','S102','2023-11-08','11:28:18',4.50,'T3','F04','P11','P07'),(41,'C45','S207','2023-11-08','11:36:01',4.00,'T2','F09','P07',NULL),(42,'C24','S210','2023-11-08','12:14:47',4.50,'T3','F02','P03','P05'),(43,'C06','S102','2023-11-08','12:46:39',4.00,'T1','F10','P12',NULL),(44,'C03','S104','2023-11-08','12:51:09',4.35,'T5','F05','P08',NULL),(45,'C32','S205','2023-11-08','13:35:38',4.00,'T2','F02','P13',NULL),(46,'C23','S103','2023-11-08','13:43:16',4.00,'T5','F08','P09',NULL),(47,'C45','S208','2023-11-08','14:18:04',4.00,'T3','F09','P02',NULL),(48,'C12','S104','2023-11-08','14:26:00',4.50,'T5','F09','P13','P09'),(49,'C52','S205','2023-11-08','14:27:16',4.35,'T5','F05','P02',NULL),(50,'C59','S209','2023-11-08','15:04:06',4.00,'T4','F10','P01',NULL),(51,'C60','S207','2023-11-08','15:07:48',5.00,'T3','F03','P13','P10'),(52,'C61','S104','2023-11-08','15:18:24',4.00,'T3','F07','P13',NULL),(53,'C17','S206','2023-11-08','15:23:02',4.50,'T5','F10','P03','P13'),(54,'C46','S206','2023-11-08','15:24:30',4.00,'T5','F07','P13',NULL),(55,'C43','S001','2023-11-08','15:41:22',4.50,'T4','F10','P04','P12'),(56,'C52','S103','2023-11-08','15:49:07',4.00,'T5','F04','P04',NULL),(57,'C10','S207','2023-11-08','16:26:20',4.00,'T2','F03','P06',NULL),(58,'C54','S205','2023-11-08','16:48:07',4.35,'T2','F06','P04',NULL),(59,'C07','S209','2023-11-08','16:53:44',4.00,'T2','F10','P01',NULL),(60,'C54','S103','2023-11-08','17:00:21',4.50,'T5','F01','P04','P14'),(61,'C41','S206','2023-11-08','17:14:43',4.00,'T3','F02','P01',NULL),(62,'C44','S207','2023-11-08','17:54:47',5.00,'T2','F10','P14','P05'),(63,'C17','S104','2023-11-09','11:13:32',4.35,'T3','F04','P13',NULL),(64,'C23','S207','2023-11-09','11:17:26',4.00,'T2','F01','P13',NULL),(65,'C20','S207','2023-11-09','11:38:07',4.00,'T5','F01','P14',NULL),(66,'C61','S209','2023-11-09','11:39:25',4.00,'T2','F10','P05',NULL),(67,'C30','S103','2023-11-09','12:06:53',4.00,'T4','F01','P06',NULL),(68,'C43','S210','2023-11-09','12:45:15',5.00,'T5','F10','P11','P09'),(69,'C26','S102','2023-11-09','13:03:18',4.50,'T2','F06','P05','P12'),(70,'C46','S001','2023-11-09','13:10:51',4.50,'T3','F10','P11','P09'),(71,'C54','S209','2023-11-09','13:23:00',4.50,'T2','F06','P10','P05'),(72,'C29','S208','2023-11-09','13:31:09',4.00,'T4','F03','P06',NULL),(73,'C46','S206','2023-11-09','13:39:35',4.50,'T3','F04','P12','P14'),(74,'C30','S208','2023-11-09','13:40:02',4.00,'T2','F01','P08',NULL),(75,'C19','S206','2023-11-09','13:51:59',4.00,'T5','F07','P03',NULL),(76,'C46','S208','2023-11-09','14:47:41',4.50,'T4','F02','P13','P07'),(77,'C16','S103','2023-11-09','15:14:52',4.00,'T5','F02','P01',NULL),(78,'C53','S206','2023-11-09','16:19:14',4.00,'T5','F05','P06',NULL),(79,'C19','S001','2023-11-09','16:47:53',4.00,'T4','F04','P12',NULL),(80,'C27','S103','2023-11-09','17:00:44',4.35,'T4','F10','P08',NULL),(81,'C16','S209','2023-11-09','17:05:45',4.00,'T1','F04','P04',NULL),(82,'C35','S209','2023-11-09','17:07:03',4.50,'T2','F02','P03','P02'),(83,'C40','S104','2023-11-09','17:25:40',4.35,'T5','F07','P11',NULL),(84,'C48','S104','2023-11-10','11:05:26',4.35,'T1','F08','P06',NULL),(85,'C38','S104','2023-11-10','11:50:57',4.35,'T5','F01','P11',NULL),(86,'C46','S103','2023-11-10','12:01:55',4.00,'T3','F05','P12',NULL),(87,'C51','S102','2023-11-10','12:24:47',4.50,'T2','F05','P11','P13'),(88,'C60','S208','2023-11-10','12:55:49',5.00,'T1','F07','P07','P11'),(89,'C03','S206','2023-11-10','13:27:07',5.00,'T2','F07','P12','P01'),(90,'C54','S207','2023-11-10','13:29:07',4.00,'T3','F08','P06',NULL),(91,'C07','S206','2023-11-10','13:48:26',4.00,'T2','F02','P07',NULL),(92,'C05','S206','2023-11-10','14:01:22',3.75,'T1','F06',NULL,NULL),(93,'C33','S001','2023-11-10','14:59:42',4.50,'T4','F05','P13','P06'),(94,'C52','S104','2023-11-10','15:11:41',4.00,'T5','F09','P05',NULL),(95,'C47','S206','2023-11-10','15:56:00',4.00,'T4','F08','P04',NULL),(96,'C15','S104','2023-11-10','16:39:49',4.35,'T5','F01','P03',NULL),(97,'C24','S102','2023-11-10','16:51:37',5.00,'T3','F02','P14','P06'),(98,'C02','S208','2023-11-10','17:09:53',4.00,'T5','F04','P05',NULL),(99,'C51','S206','2023-11-10','17:10:54',4.00,'T5','F10','P04',NULL),(100,'C43','S208','2023-11-11','11:28:37',4.35,'T5','F02','P03',NULL),(101,'C46','S001','2023-11-11','11:38:43',4.50,'T5','F06','P04','P07'),(102,'C02','S104','2023-11-11','11:46:57',4.50,'T2','F09','P01','P12'),(103,'C55','S104','2023-11-11','12:50:38',4.35,'T3','F01','P07',NULL),(104,'C58','S207','2023-11-11','12:58:22',4.50,'T2','F06','P12','P07'),(105,'C59','S102','2023-11-11','13:08:52',4.00,'T3','F02','P13',NULL),(106,'C08','S206','2023-11-11','13:10:42',4.00,'T3','F05','P11',NULL),(107,'C50','S205','2023-11-11','14:10:51',4.50,'T2','F04','P12','P11'),(108,'C45','S207','2023-11-11','14:20:51',5.00,'T1','F09','P14','P10'),(109,'C18','S102','2023-11-11','14:52:54',3.50,'T3','F10',NULL,NULL),(110,'C59','S205','2023-11-11','15:19:02',4.50,'T4','F09','P14','P02'),(111,'C60','S206','2023-11-11','15:22:26',4.50,'T3','F06','P04','P07'),(112,'C15','S104','2023-11-11','15:51:39',4.00,'T4','F04','P09',NULL),(113,'C47','S001','2023-11-11','16:03:22',4.00,'T4','F10','P02',NULL),(114,'C21','S207','2023-11-11','16:52:40',3.75,'T2','F03',NULL,NULL),(115,'C32','S102','2023-11-12','11:10:54',4.00,'T2','F04','P11',NULL),(116,'C45','S205','2023-11-12','11:35:41',4.00,'T4','F08','P09',NULL),(117,'C55','S207','2023-11-12','13:05:08',4.35,'T4','F03','P04',NULL),(118,'C37','S103','2023-11-12','13:12:06',4.00,'T5','F09','P07',NULL),(119,'C28','S001','2023-11-12','13:30:31',4.50,'T1','F02','P07','P08'),(120,'C46','S207','2023-11-12','14:31:07',4.35,'T2','F03','P11',NULL),(121,'C24','S104','2023-11-12','14:33:13',4.00,'T1','F02','P13',NULL),(122,'C15','S208','2023-11-12','15:13:43',4.00,'T5','F06','P13',NULL),(123,'C61','S102','2023-11-12','15:15:00',4.00,'T4','F10','P04',NULL),(124,'C45','S210','2023-11-12','15:58:54',3.50,'T1','F01',NULL,NULL),(125,'C19','S205','2023-11-12','16:08:50',4.00,'T4','F01','P06',NULL),(126,'C10','S207','2023-11-12','16:58:17',3.50,'T2','F05',NULL,NULL),(127,'C59','S206','2023-11-12','17:03:25',5.00,'T5','F07','P14','P03'),(128,'C57','S001','2023-11-12','17:35:17',4.50,'T1','F10','P10','P08'),(129,'C07','S205','2023-11-12','17:58:36',4.00,'T3','F03','P05',NULL),(130,'C53','S209','2023-11-13','11:33:18',5.00,'T5','F08','P10','P10'),(131,'C56','S210','2023-11-13','11:34:10',4.00,'T3','F02','P01',NULL),(132,'C29','S104','2023-11-13','11:43:46',4.00,'T4','F08','P05',NULL),(133,'C32','S104','2023-11-13','12:53:23',4.50,'T5','F08','P08','P14'),(134,'C07','S209','2023-11-13','13:27:11',4.50,'T1','F05','P04','P01'),(135,'C34','S207','2023-11-13','13:54:41',4.50,'T2','F02','P06','P11'),(136,'C19','S207','2023-11-13','13:56:26',4.00,'T3','F03','P05',NULL),(137,'C24','S207','2023-11-13','13:58:05',4.00,'T5','F02','P12',NULL),(138,'C06','S209','2023-11-13','13:58:43',4.50,'T2','F10','P08','P07'),(139,'C27','S104','2023-11-13','14:06:27',5.00,'T3','F04','P12','P12'),(140,'C31','S103','2023-11-13','14:29:55',5.00,'T3','F08','P02','P07'),(141,'C26','S102','2023-11-13','15:01:25',4.50,'T3','F03','P14','P10'),(142,'C24','S103','2023-11-13','16:35:14',4.00,'T3','F07','P07',NULL),(143,'C22','S207','2023-11-13','16:37:57',4.50,'T2','F05','P06','P05'),(144,'C19','S207','2023-11-13','16:54:38',5.00,'T5','F08','P06','P01'),(145,'C16','S210','2023-11-13','17:00:10',4.00,'T5','F04','P09',NULL),(146,'C25','S102','2023-11-13','17:39:05',4.00,'T3','F06','P08',NULL),(147,'C24','S209','2023-11-13','17:57:19',4.00,'T4','F03','P02',NULL),(148,'C51','S205','2023-11-14','11:05:00',4.35,'T1','F06','P10',NULL),(149,'C34','S206','2023-11-14','11:08:35',4.50,'T2','F07','P04','P07'),(150,'C53','S001','2023-11-14','11:44:37',4.50,'T4','F07','P08','P14'),(151,'C48','S205','2023-11-14','12:05:55',4.35,'T5','F06','P11',NULL),(152,'C34','S208','2023-11-14','12:32:45',4.50,'T5','F10','P13','P09'),(153,'C50','S102','2023-11-14','13:28:58',4.50,'T5','F04','P03','P09'),(154,'C19','S103','2023-11-14','13:32:19',5.00,'T3','F04','P04','P07'),(155,'C46','S103','2023-11-14','13:48:33',3.75,'T4','F10',NULL,NULL),(156,'C41','S205','2023-11-14','15:03:35',5.00,'T1','F01','P04','P03'),(157,'C03','S208','2023-11-14','15:06:46',3.75,'T4','F10',NULL,NULL),(158,'C04','S205','2023-11-14','15:23:09',4.00,'T5','F07','P10',NULL),(159,'C50','S104','2023-11-14','15:24:46',4.00,'T4','F08','P10',NULL),(160,'C33','S208','2023-11-14','15:39:37',4.00,'T4','F02','P07',NULL),(161,'C09','S103','2023-11-14','15:49:02',4.50,'T2','F09','P08','P02'),(162,'C15','S104','2023-11-14','15:57:17',4.00,'T4','F07','P10',NULL),(163,'C60','S208','2023-11-14','16:12:56',4.35,'T1','F02','P04',NULL),(164,'C57','S104','2023-11-14','16:27:16',4.00,'T1','F07','P11',NULL),(165,'C57','S205','2023-11-14','16:28:26',5.00,'T3','F10','P09','P13'),(166,'C56','S001','2023-11-14','17:26:05',5.00,'T3','F03','P14','P07'),(167,'C29','S103','2023-11-14','17:34:09',4.50,'T2','F07','P11','P14'),(168,'C37','S205','2023-11-14','17:36:52',5.00,'T4','F05','P05','P08'),(169,'C24','S209','2023-11-14','17:43:14',4.50,'T3','F02','P04','P04'),(170,'C23','S210','2023-11-14','17:52:19',4.00,'T3','F08','P12',NULL),(171,'C49','S210','2023-11-15','11:23:29',4.50,'T5','F07','P12','P06'),(172,'C52','S210','2023-11-15','11:33:02',4.00,'T4','F07','P03',NULL),(173,'C13','S103','2023-11-15','11:33:38',4.00,'T1','F04','P06',NULL),(174,'C30','S210','2023-11-15','11:38:36',5.00,'T5','F10','P10','P14'),(175,'C31','S207','2023-11-15','11:53:24',4.50,'T3','F10','P13','P03'),(176,'C25','S208','2023-11-15','11:55:55',4.35,'T3','F03','P05',NULL),(177,'C12','S001','2023-11-15','11:59:43',4.50,'T4','F08','P09','P10'),(178,'C54','S001','2023-11-15','12:06:52',4.35,'T1','F08','P05',NULL),(179,'C45','S001','2023-11-15','12:15:01',5.00,'T3','F04','P07','P07'),(180,'C50','S103','2023-11-15','12:15:23',4.00,'T5','F09','P13',NULL),(181,'C07','S210','2023-11-15','12:22:38',4.50,'T3','F03','P07','P11'),(182,'C16','S207','2023-11-15','12:28:24',4.35,'T5','F10','P14',NULL),(183,'C14','S102','2023-11-15','12:49:55',5.00,'T1','F10','P03','P08'),(184,'C53','S001','2023-11-15','13:53:33',4.50,'T3','F02','P13','P05'),(185,'C50','S102','2023-11-15','13:56:59',4.00,'T3','F05','P11',NULL),(186,'C20','S206','2023-11-15','14:00:55',4.00,'T3','F02','P14',NULL),(187,'C59','S205','2023-11-15','14:54:21',4.50,'T4','F10','P03','P08'),(188,'C36','S205','2023-11-15','15:11:17',4.50,'T2','F06','P05','P01'),(189,'C03','S210','2023-11-15','15:21:21',4.00,'T2','F06','P01',NULL),(190,'C58','S001','2023-11-15','15:28:20',4.00,'T4','F06','P02',NULL),(191,'C44','S205','2023-11-15','15:53:01',4.35,'T3','F05','P07',NULL),(192,'C34','S206','2023-11-15','16:05:20',4.35,'T5','F02','P08',NULL),(193,'C38','S205','2023-11-15','16:09:50',4.00,'T3','F06','P10',NULL),(194,'C18','S208','2023-11-15','16:47:32',4.35,'T5','F06','P03',NULL),(195,'C13','S210','2023-11-15','17:13:44',4.00,'T1','F09','P06',NULL),(196,'C55','S206','2023-11-15','17:22:03',4.50,'T3','F10','P02','P10'),(197,'C30','S206','2023-11-15','17:28:19',4.50,'T2','F08','P07','P03'),(198,'C54','S208','2023-11-16','11:07:30',5.00,'T4','F01','P12','P05'),(199,'C03','S208','2023-11-16','11:12:20',5.00,'T2','F03','P04','P13'),(200,'C57','S103','2023-11-16','11:21:49',4.00,'T3','F01','P01',NULL),(201,'C45','S104','2023-11-16','11:21:52',4.50,'T4','F07','P14','P14'),(202,'C10','S210','2023-11-16','11:26:59',5.00,'T2','F10','P14','P06'),(203,'C33','S001','2023-11-16','11:38:51',5.00,'T2','F02','P01','P03'),(204,'C61','S208','2023-11-16','12:15:28',4.00,'T1','F06','P06',NULL),(205,'C40','S104','2023-11-16','12:55:17',4.50,'T3','F02','P05','P08'),(206,'C35','S104','2023-11-16','13:24:06',4.35,'T4','F02','P13',NULL),(207,'C06','S001','2023-11-16','13:32:56',4.35,'T4','F05','P03',NULL),(208,'C23','S210','2023-11-16','13:42:55',4.50,'T4','F01','P04','P04'),(209,'C55','S207','2023-11-16','13:47:44',4.00,'T3','F01','P04',NULL),(210,'C47','S104','2023-11-16','13:56:51',4.00,'T4','F03','P01',NULL),(211,'C08','S209','2023-11-16','14:04:03',4.00,'T2','F07','P14',NULL),(212,'C06','S001','2023-11-16','14:25:30',4.00,'T3','F04','P01',NULL),(213,'C45','S205','2023-11-16','14:35:17',4.50,'T3','F01','P09','P02'),(214,'C04','S103','2023-11-16','14:57:44',4.35,'T5','F01','P03',NULL),(215,'C06','S102','2023-11-16','15:30:41',4.35,'T1','F03','P14',NULL),(216,'C50','S208','2023-11-16','15:33:09',4.50,'T2','F02','P10','P08'),(217,'C58','S209','2023-11-16','15:52:59',4.00,'T1','F07','P02',NULL),(218,'C53','S001','2023-11-16','17:21:30',5.00,'T1','F02','P05','P07'),(219,'C05','S210','2023-11-17','11:40:40',4.35,'T2','F06','P06',NULL),(220,'C21','S206','2023-11-17','12:34:43',4.00,'T2','F05','P02',NULL),(221,'C46','S103','2023-11-17','12:49:27',4.00,'T4','F01','P05',NULL),(222,'C60','S210','2023-11-17','12:57:50',4.00,'T4','F10','P03',NULL),(223,'C42','S210','2023-11-17','13:12:15',4.35,'T3','F06','P12',NULL),(224,'C30','S104','2023-11-17','13:46:11',4.00,'T3','F03','P07',NULL),(225,'C21','S207','2023-11-17','14:24:19',4.00,'T5','F01','P01',NULL),(226,'C30','S205','2023-11-17','14:56:13',4.50,'T4','F03','P05','P12'),(227,'C51','S209','2023-11-17','15:05:32',4.50,'T4','F01','P12','P01'),(228,'C21','S103','2023-11-17','15:06:36',4.00,'T4','F02','P07',NULL),(229,'C27','S205','2023-11-17','15:07:01',4.50,'T3','F06','P13','P03'),(230,'C23','S104','2023-11-17','15:10:47',4.00,'T4','F03','P14',NULL),(231,'C07','S104','2023-11-17','15:30:02',5.00,'T4','F01','P11','P04'),(232,'C27','S207','2023-11-17','16:03:24',4.00,'T3','F08','P08',NULL),(233,'C31','S102','2023-11-17','16:12:50',4.00,'T5','F09','P04',NULL),(234,'C49','S206','2023-11-17','16:50:01',4.00,'T5','F06','P10',NULL),(235,'C53','S206','2023-11-17','17:41:30',5.00,'T5','F10','P04','P13'),(236,'C33','S206','2023-11-18','11:07:40',4.35,'T4','F02','P14',NULL),(237,'C29','S102','2023-11-18','11:24:21',4.50,'T1','F05','P11','P11'),(238,'C33','S103','2023-11-18','11:24:25',4.00,'T3','F05','P04',NULL),(239,'C17','S208','2023-11-18','11:44:01',4.00,'T3','F04','P08',NULL),(240,'C37','S102','2023-11-18','11:52:26',4.50,'T4','F04','P14','P10'),(241,'C33','S104','2023-11-18','12:39:11',4.50,'T1','F05','P13','P07'),(242,'C43','S001','2023-11-18','13:18:15',4.00,'T3','F04','P04',NULL),(243,'C12','S205','2023-11-18','13:21:22',4.00,'T1','F08','P06',NULL),(244,'C43','S102','2023-11-18','13:54:37',5.00,'T1','F09','P12','P14'),(245,'C17','S102','2023-11-18','14:27:18',4.50,'T1','F01','P06','P09'),(246,'C06','S206','2023-11-18','14:30:14',4.00,'T2','F01','P01',NULL),(247,'C34','S102','2023-11-18','15:25:35',4.00,'T1','F07','P02',NULL),(248,'C45','S208','2023-11-18','15:30:51',4.35,'T4','F10','P13',NULL),(249,'C02','S209','2023-11-18','15:32:43',4.35,'T3','F01','P08',NULL),(250,'C27','S102','2023-11-18','15:42:26',4.00,'T3','F03','P05',NULL),(251,'C04','S102','2023-11-18','15:46:52',4.35,'T5','F07','P03',NULL),(252,'C09','S207','2023-11-18','16:24:02',4.00,'T2','F03','P08',NULL),(253,'C14','S001','2023-11-18','16:40:42',4.00,'T1','F10','P08',NULL),(254,'C41','S103','2023-11-18','17:29:21',4.00,'T3','F08','P08',NULL),(255,'C58','S103','2023-11-18','17:53:39',3.50,'T4','F09',NULL,NULL),(256,'C17','S207','2023-11-18','17:57:29',4.50,'T1','F10','P02','P01'),(257,'C45','S207','2023-11-19','11:05:16',4.00,'T5','F08','P11',NULL),(258,'C02','S103','2023-11-19','11:06:31',4.50,'T5','F06','P10','P03'),(259,'C61','S104','2023-11-19','11:07:09',4.00,'T2','F03','P05',NULL),(260,'C23','S207','2023-11-19','11:11:01',4.00,'T5','F05','P10',NULL),(261,'C05','S210','2023-11-19','12:18:56',4.00,'T5','F07','P13',NULL),(262,'C33','S210','2023-11-19','12:23:24',4.35,'T3','F03','P11',NULL),(263,'C14','S206','2023-11-19','12:52:50',4.00,'T4','F09','P13',NULL),(264,'C10','S206','2023-11-19','13:00:08',4.35,'T5','F07','P08',NULL),(265,'C37','S001','2023-11-19','13:43:59',4.35,'T2','F04','P05',NULL),(266,'C58','S209','2023-11-19','14:02:59',3.75,'T4','F09',NULL,NULL),(267,'C10','S001','2023-11-19','14:14:48',4.50,'T3','F02','P12','P12'),(268,'C11','S209','2023-11-19','14:40:57',4.00,'T1','F05','P10',NULL),(269,'C22','S104','2023-11-19','14:50:13',4.00,'T1','F10','P07',NULL),(270,'C46','S210','2023-11-19','14:52:16',4.00,'T1','F08','P13',NULL),(271,'C38','S210','2023-11-19','15:07:51',4.50,'T3','F02','P09','P03'),(272,'C36','S205','2023-11-19','15:25:28',4.50,'T4','F03','P04','P10'),(273,'C35','S001','2023-11-19','15:28:43',5.00,'T2','F10','P14','P06'),(274,'C49','S104','2023-11-19','16:15:59',4.50,'T1','F09','P13','P10'),(275,'C07','S104','2023-11-19','16:48:04',4.00,'T3','F05','P01',NULL),(276,'C30','S210','2023-11-19','17:07:02',4.00,'T4','F02','P03',NULL),(277,'C36','S209','2023-11-19','17:31:12',4.50,'T3','F01','P13','P13'),(278,'C58','S208','2023-11-19','17:32:45',4.00,'T1','F01','P07',NULL),(279,'C45','S104','2023-11-19','17:44:14',5.00,'T3','F10','P14','P11'),(280,'C24','S207','2023-11-19','17:44:47',4.35,'T3','F02','P03',NULL),(281,'C16','S102','2023-11-19','17:57:57',4.50,'T4','F04','P03','P03'),(282,'C61','S104','2023-11-20','11:32:10',4.00,'T3','F09','P14',NULL),(283,'C51','S104','2023-11-20','12:07:19',4.00,'T5','F02','P10',NULL),(284,'C20','S208','2023-11-20','12:20:56',4.00,'T2','F03','P13',NULL),(285,'C52','S208','2023-11-20','12:38:19',5.00,'T4','F03','P08','P09'),(286,'C33','S205','2023-11-20','13:14:20',4.00,'T4','F09','P05',NULL),(287,'C05','S102','2023-11-20','13:20:58',4.35,'T1','F09','P14',NULL),(288,'C27','S102','2023-11-20','13:37:27',5.00,'T4','F08','P03','P04'),(289,'C24','S103','2023-11-20','13:43:55',4.35,'T2','F01','P02',NULL),(290,'C25','S208','2023-11-20','13:52:03',4.00,'T5','F07','P06',NULL),(291,'C18','S104','2023-11-20','14:26:08',4.35,'T5','F02','P05',NULL),(292,'C20','S001','2023-11-20','14:31:19',4.50,'T3','F09','P10','P09'),(293,'C57','S209','2023-11-20','14:45:13',4.00,'T4','F05','P14',NULL),(294,'C51','S208','2023-11-20','14:52:59',4.00,'T3','F04','P13',NULL),(295,'C23','S102','2023-11-20','14:58:00',4.00,'T3','F10','P11',NULL),(296,'C52','S001','2023-11-20','15:21:51',4.00,'T5','F09','P06',NULL),(297,'C46','S208','2023-11-20','15:54:52',5.00,'T1','F08','P10','P09'),(298,'C60','S104','2023-11-20','16:01:30',4.35,'T2','F01','P09',NULL),(299,'C51','S206','2023-11-20','16:07:34',4.50,'T3','F09','P06','P06'),(300,'C18','S103','2023-11-20','16:28:09',4.00,'T1','F01','P02',NULL),(301,'C39','S205','2023-11-20','16:57:59',4.00,'T2','F05','P03',NULL),(302,'C17','S102','2023-11-20','17:18:52',4.00,'T4','F08','P01',NULL),(303,'C35','S207','2023-11-20','17:49:33',4.35,'T4','F08','P11',NULL),(304,'C14','S205','2023-11-21','11:10:36',4.00,'T5','F04','P02',NULL),(305,'C27','S104','2023-11-21','11:26:19',4.00,'T3','F02','P06',NULL),(306,'C01','S210','2023-11-21','11:41:25',4.35,'T2','F08','P12',NULL),(307,'C03','S104','2023-11-21','11:48:48',4.50,'T4','F06','P03','P04'),(308,'C39','S104','2023-11-21','12:42:26',5.00,'T3','F02','P07','P06'),(309,'C30','S207','2023-11-21','13:26:25',4.50,'T3','F04','P13','P07'),(310,'C42','S104','2023-11-21','13:43:04',5.00,'T4','F03','P11','P10'),(311,'C35','S208','2023-11-21','13:58:27',4.00,'T5','F07','P10',NULL),(312,'C01','S104','2023-11-21','14:00:40',4.50,'T4','F10','P09','P14'),(313,'C14','S208','2023-11-21','14:19:40',4.00,'T5','F04','P13',NULL),(314,'C26','S209','2023-11-21','14:39:35',4.00,'T1','F10','P02',NULL),(315,'C57','S205','2023-11-21','14:41:25',4.00,'T1','F07','P07',NULL),(316,'C31','S210','2023-11-21','15:03:02',4.50,'T4','F08','P07','P02'),(317,'C30','S206','2023-11-21','15:17:25',4.00,'T5','F06','P03',NULL),(318,'C50','S104','2023-11-21','16:04:13',3.50,'T3','F04',NULL,NULL),(319,'C14','S208','2023-11-21','16:34:56',3.75,'T4','F08',NULL,NULL),(320,'C18','S210','2023-11-21','16:37:24',4.50,'T4','F02','P03','P07'),(321,'C56','S103','2023-11-21','17:40:13',4.50,'T4','F08','P07','P03'),(322,'C37','S001','2023-11-21','17:43:41',3.50,'T3','F04',NULL,NULL),(323,'C14','S104','2023-11-22','11:18:36',4.50,'T1','F10','P13','P01'),(324,'C28','S103','2023-11-22','11:49:13',4.00,'T2','F01','P04',NULL),(325,'C09','S210','2023-11-22','12:03:51',4.00,'T3','F07','P14',NULL),(326,'C12','S001','2023-11-22','12:06:46',4.35,'T2','F06','P03',NULL),(327,'C04','S206','2023-11-22','12:11:05',4.00,'T1','F03','P13',NULL),(328,'C56','S102','2023-11-22','12:19:31',4.50,'T4','F08','P04','P13'),(329,'C39','S207','2023-11-22','12:28:18',4.00,'T5','F09','P02',NULL),(330,'C55','S001','2023-11-22','12:54:03',3.50,'T2','F09',NULL,NULL),(331,'C06','S205','2023-11-22','13:34:21',4.50,'T1','F03','P05','P05'),(332,'C26','S103','2023-11-22','13:57:50',4.00,'T1','F09','P02',NULL),(333,'C08','S209','2023-11-22','14:02:51',4.00,'T5','F08','P08',NULL),(334,'C45','S207','2023-11-22','14:11:03',4.00,'T2','F05','P14',NULL),(335,'C48','S001','2023-11-22','14:16:43',4.00,'T1','F05','P03',NULL),(336,'C18','S207','2023-11-22','15:06:02',4.35,'T5','F06','P08',NULL),(337,'C51','S209','2023-11-22','15:19:45',5.00,'T3','F07','P06','P11'),(338,'C33','S210','2023-11-22','15:32:43',4.35,'T5','F01','P08',NULL),(339,'C24','S207','2023-11-22','15:58:12',5.00,'T5','F02','P03','P02'),(340,'C32','S001','2023-11-22','16:26:51',4.00,'T5','F10','P07',NULL),(341,'C48','S207','2023-11-22','16:30:20',4.00,'T2','F01','P03',NULL),(342,'C22','S103','2023-11-22','16:38:50',4.35,'T2','F03','P05',NULL),(343,'C39','S210','2023-11-22','16:43:38',4.00,'T4','F04','P14',NULL),(344,'C34','S208','2023-11-22','17:20:00',4.00,'T1','F08','P04',NULL),(345,'C11','S210','2023-11-22','17:21:17',4.50,'T4','F05','P13','P13'),(346,'C27','S102','2023-11-22','17:38:43',5.00,'T4','F01','P12','P05'),(347,'C17','S209','2023-11-23','11:14:22',4.00,'T5','F01','P14',NULL),(348,'C10','S210','2023-11-23','11:17:08',4.50,'T5','F05','P07','P03'),(349,'C36','S103','2023-11-23','11:20:26',4.35,'T5','F08','P05',NULL),(350,'C33','S001','2023-11-23','11:21:37',4.50,'T5','F02','P11','P04'),(351,'C40','S102','2023-11-23','11:27:15',4.00,'T3','F07','P03',NULL),(352,'C45','S104','2023-11-23','11:50:17',4.00,'T1','F05','P09',NULL),(353,'C04','S206','2023-11-23','13:08:13',4.00,'T2','F04','P11',NULL),(354,'C55','S104','2023-11-23','13:25:32',4.35,'T1','F08','P10',NULL),(355,'C23','S210','2023-11-23','13:31:20',4.50,'T2','F05','P09','P11'),(356,'C35','S207','2023-11-23','13:39:17',5.00,'T3','F08','P03','P10'),(357,'C54','S102','2023-11-23','13:50:31',4.00,'T2','F03','P04',NULL),(358,'C46','S001','2023-11-23','14:09:22',4.00,'T5','F05','P01',NULL),(359,'C27','S207','2023-11-23','14:11:15',4.35,'T4','F10','P10',NULL),(360,'C14','S104','2023-11-23','14:33:16',4.00,'T5','F08','P10',NULL),(361,'C05','S206','2023-11-23','14:48:58',4.50,'T4','F05','P05','P01'),(362,'C50','S209','2023-11-23','14:58:58',4.00,'T4','F02','P12',NULL),(363,'C59','S207','2023-11-23','15:30:49',4.50,'T5','F09','P07','P03'),(364,'C16','S206','2023-11-23','15:43:03',4.35,'T2','F08','P12',NULL),(365,'C58','S210','2023-11-23','15:46:08',4.00,'T4','F04','P14',NULL),(366,'C26','S001','2023-11-23','16:02:37',4.00,'T3','F09','P14',NULL),(367,'C45','S209','2023-11-23','16:41:57',4.35,'T2','F06','P08',NULL),(368,'C56','S104','2023-11-23','16:44:36',5.00,'T3','F01','P11','P11'),(369,'C42','S102','2023-11-23','16:55:08',4.50,'T5','F05','P11','P07'),(370,'C08','S104','2023-11-23','17:08:41',4.35,'T1','F04','P06',NULL),(371,'C50','S001','2023-11-23','17:18:51',4.00,'T3','F01','P11',NULL),(372,'C04','S104','2023-11-23','17:20:22',4.00,'T4','F05','P08',NULL),(373,'C52','S102','2023-11-23','17:47:56',5.00,'T1','F06','P05','P07'),(374,'C07','S103','2023-11-24','11:16:26',4.35,'T3','F06','P12',NULL),(375,'C11','S208','2023-11-24','11:29:46',4.50,'T1','F03','P08','P06'),(376,'C13','S210','2023-11-24','12:00:50',3.75,'T3','F06',NULL,NULL),(377,'C31','S209','2023-11-24','12:13:38',4.00,'T4','F04','P06',NULL),(378,'C09','S210','2023-11-24','12:33:21',4.50,'T5','F05','P04','P04'),(379,'C51','S205','2023-11-24','12:33:36',4.00,'T5','F07','P13',NULL),(380,'C21','S103','2023-11-24','13:19:21',4.00,'T1','F01','P10',NULL),(381,'C08','S102','2023-11-24','13:39:28',4.50,'T1','F10','P07','P14'),(382,'C21','S102','2023-11-24','13:55:59',4.50,'T2','F03','P07','P12'),(383,'C24','S208','2023-11-24','14:07:03',5.00,'T1','F06','P13','P12'),(384,'C34','S103','2023-11-24','14:59:12',4.35,'T4','F02','P06',NULL),(385,'C19','S210','2023-11-24','15:16:55',4.00,'T2','F01','P08',NULL),(386,'C39','S206','2023-11-24','15:17:51',4.35,'T5','F01','P02',NULL),(387,'C01','S207','2023-11-24','15:19:35',4.50,'T1','F07','P03','P05'),(388,'C47','S207','2023-11-24','15:45:44',4.00,'T2','F02','P13',NULL),(389,'C17','S206','2023-11-24','15:54:50',4.00,'T1','F03','P11',NULL),(390,'C47','S103','2023-11-25','11:30:59',4.50,'T1','F07','P12','P13'),(391,'C14','S001','2023-11-25','11:54:39',4.50,'T4','F01','P08','P04'),(392,'C55','S001','2023-11-25','12:14:58',5.00,'T4','F02','P01','P06'),(393,'C23','S104','2023-11-25','12:20:47',4.00,'T2','F01','P10',NULL),(394,'C17','S210','2023-11-25','12:49:42',4.50,'T1','F10','P03',NULL),(395,'C11','S104','2023-11-25','13:53:51',5.00,'T2','F06','P08','P05'),(396,'C36','S207','2023-11-25','14:04:47',5.00,'T5','F03','P06','P09'),(397,'C02','S210','2023-11-25','14:33:59',4.50,'T5','F10','P14','P10'),(398,'C42','S208','2023-11-25','14:48:01',5.00,'T4','F08','P09','P10'),(399,'C48','S102','2023-11-25','14:51:55',4.50,'T4','F10','P10','P14'),(400,'C03','S001','2023-11-25','14:57:17',4.00,'T2','F09','P07',NULL),(401,'C31','S210','2023-11-25','15:05:12',4.50,'T5','F08','P13','P03'),(402,'C33','S205','2023-11-25','15:24:14',4.50,'T1','F09','P14','P13'),(403,'C18','S206','2023-11-25','16:01:29',4.00,'T2','F02','P11',NULL),(404,'C43','S208','2023-11-25','16:22:24',5.00,'T2','F04','P10','P12'),(405,'C55','S205','2023-11-25','16:48:59',4.50,'T4','F04','P14','P13'),(406,'C43','S205','2023-11-25','16:51:17',4.00,'T5','F10','P03',NULL),(407,'C41','S207','2023-11-25','17:19:47',4.50,'T3','F06','P11','P05'),(408,'C07','S104','2023-11-25','17:20:58',4.00,'T5','F02','P14',NULL),(409,'C32','S001','2023-11-25','17:26:07',4.35,'T3','F05','P10',NULL),(410,'C47','S102','2023-11-25','17:57:46',4.00,'T4','F03','P06',NULL),(411,'C56','S001','2023-11-26','11:46:32',4.00,'T2','F09','P12',NULL),(412,'C28','S210','2023-11-26','11:58:02',4.50,'T4','F04','P02','P08'),(413,'C23','S001','2023-11-26','12:06:37',4.50,'T5','F04','P13','P08'),(414,'C23','S001','2023-11-26','12:36:40',4.35,'T1','F08','P14',NULL),(415,'C49','S209','2023-11-26','13:18:10',4.35,'T4','F10','P12',NULL),(416,'C02','S103','2023-11-26','13:40:55',4.50,'T1','F06','P14','P05'),(417,'C08','S102','2023-11-26','13:41:18',4.00,'T1','F06','P07',NULL),(418,'C52','S209','2023-11-26','13:47:38',3.75,'T5','F07',NULL,NULL),(419,'C37','S208','2023-11-26','13:51:31',4.00,'T2','F04','P03',NULL),(420,'C57','S103','2023-11-26','13:56:15',4.00,'T5','F06','P02',NULL),(421,'C20','S209','2023-11-26','14:35:45',3.50,'T3','F01',NULL,NULL),(422,'C53','S206','2023-11-26','14:40:25',5.00,'T4','F04','P06','P08'),(423,'C61','S210','2023-11-26','15:27:44',4.00,'T1','F02','P07',NULL),(424,'C55','S206','2023-11-26','15:41:19',4.50,'T5','F05','P13','P01'),(425,'C32','S206','2023-11-26','16:04:24',4.00,'T2','F07','P10',NULL),(426,'C02','S208','2023-11-26','16:13:09',4.00,'T4','F05','P11',NULL),(427,'C08','S205','2023-11-26','16:15:38',4.00,'T2','F04','P01',NULL),(428,'C54','S206','2023-11-26','16:22:01',4.35,'T2','F04','P01',NULL),(429,'C50','S210','2023-11-26','16:56:10',3.75,'T3','F08',NULL,NULL),(430,'C02','S103','2023-11-26','17:29:53',4.00,'T5','F09','P12',NULL),(431,'C56','S208','2023-11-26','17:49:41',4.00,'T2','F08','P06',NULL),(432,'C11','S205','2023-11-27','11:06:27',5.00,'T2','F06','P06','P11'),(433,'C50','S207','2023-11-27','11:07:02',4.35,'T3','F10','P13',NULL),(434,'C14','S210','2023-11-27','11:33:31',4.00,'T3','F02','P14',NULL),(435,'C17','S209','2023-11-27','11:34:06',4.50,'T2','F01','P13','P04'),(436,'C03','S207','2023-11-27','11:37:15',5.00,'T5','F09','P03','P10'),(437,'C36','S207','2023-11-27','11:40:12',4.00,'T4','F03','P06',NULL),(438,'C45','S001','2023-11-27','11:54:35',4.00,'T1','F06','P09',NULL),(439,'C26','S001','2023-11-27','12:14:44',4.00,'T4','F04','P06',NULL),(440,'C38','S102','2023-11-27','12:16:15',4.35,'T2','F08','P12',NULL),(441,'C39','S104','2023-11-27','12:30:48',4.00,'T4','F03','P12',NULL),(442,'C17','S104','2023-11-27','12:36:50',4.35,'T4','F07','P05',NULL),(443,'C44','S103','2023-11-27','13:04:28',4.35,'T4','F01','P11',NULL),(444,'C38','S209','2023-11-27','13:19:24',4.00,'T2','F04','P04',NULL),(445,'C09','S207','2023-11-27','14:24:00',4.00,'T4','F08','P11',NULL),(446,'C29','S104','2023-11-27','15:12:32',4.35,'T5','F02','P05',NULL),(447,'C09','S210','2023-11-27','15:18:27',4.50,'T1','F05','P01','P12'),(448,'C44','S103','2023-11-27','15:40:30',4.35,'T4','F07','P08',NULL),(449,'C01','S210','2023-11-27','15:48:01',4.00,'T3','F05','P04',NULL),(450,'C11','S209','2023-11-27','16:23:10',4.00,'T5','F02','P07',NULL),(451,'C30','S210','2023-11-27','16:46:04',4.50,'T1','F02','P14','P14'),(452,'C59','S206','2023-11-27','16:49:34',4.00,'T2','F05','P13',NULL),(453,'C31','S206','2023-11-27','17:02:37',5.00,'T3','F07','P09','P09'),(454,'C17','S207','2023-11-27','17:06:04',4.00,'T3','F07','P11',NULL),(455,'C41','S210','2023-11-27','17:27:43',4.35,'T1','F09','P05',NULL),(456,'C11','S207','2023-11-27','17:36:42',4.00,'T4','F04','P02',NULL),(457,'C12','S208','2023-11-27','17:38:07',4.50,'T2','F10','P10','P07'),(458,'C46','S208','2023-11-28','11:10:04',4.50,'T3','F01','P13','P13'),(459,'C38','S210','2023-11-28','11:14:00',4.00,'T5','F08','P11',NULL),(460,'C30','S104','2023-11-28','11:17:17',4.00,'T3','F02','P08',NULL),(461,'C14','S208','2023-11-28','11:30:23',4.00,'T4','F05','P03',NULL),(462,'C37','S206','2023-11-28','11:47:31',4.50,'T4','F05','P09','P05'),(463,'C27','S102','2023-11-28','11:53:19',4.50,'T2','F09','P08','P07'),(464,'C51','S206','2023-11-28','12:02:09',4.00,'T4','F03','P08',NULL),(465,'C43','S207','2023-11-28','12:57:43',4.00,'T1','F09','P14',NULL),(466,'C20','S206','2023-11-28','13:01:20',5.00,'T1','F03','P09','P13'),(467,'C12','S206','2023-11-28','13:05:45',4.50,'T2','F10','P01','P13'),(468,'C40','S207','2023-11-28','13:35:22',4.35,'T2','F05','P11',NULL),(469,'C45','S207','2023-11-28','13:48:45',4.50,'T3','F06','P09','P12'),(470,'C40','S001','2023-11-28','16:27:07',5.00,'T4','F06','P04','P04'),(471,'C58','S104','2023-11-28','16:37:23',3.75,'T3','F04',NULL,NULL),(472,'C08','S208','2023-11-28','16:44:14',4.50,'T5','F03','P12','P10'),(473,'C47','S209','2023-11-28','16:59:04',4.50,'T2','F09','P01','P05'),(474,'C59','S102','2023-11-28','17:04:32',4.00,'T5','F10','P11',NULL),(475,'C38','S206','2023-11-28','17:40:27',5.00,'T5','F06','P14','P04'),(476,'C12','S207','2023-11-29','11:10:06',4.00,'T5','F10','P01',NULL),(477,'C08','S208','2023-11-29','12:03:05',4.35,'T5','F06','P14',NULL),(478,'C57','S206','2023-11-29','12:10:40',4.50,'T2','F07','P08','P07'),(479,'C43','S210','2023-11-29','12:36:05',4.00,'T3','F06','P12',NULL),(480,'C05','S102','2023-11-29','12:38:02',4.50,'T5','F05','P05','P08'),(481,'C21','S210','2023-11-29','12:41:39',4.00,'T4','F09','P13',NULL),(482,'C58','S210','2023-11-29','13:24:46',4.50,'T3','F02','P02','P04'),(483,'C19','S206','2023-11-29','13:25:28',5.00,'T5','F04','P07','P14'),(484,'C46','S102','2023-11-29','14:18:11',4.00,'T2','F05','P13',NULL),(485,'C46','S102','2023-11-29','14:38:58',4.00,'T4','F01','P02',NULL),(486,'C29','S206','2023-11-29','14:46:27',4.35,'T5','F09','P13',NULL),(487,'C33','S205','2023-11-29','14:55:04',4.50,'T1','F07','P02','P07'),(488,'C01','S001','2023-11-29','15:02:57',4.35,'T3','F03','P02',NULL),(489,'C17','S209','2023-11-29','15:25:56',4.00,'T3','F04','P06',NULL),(490,'C47','S208','2023-11-29','16:18:51',5.00,'T2','F08','P13','P02'),(491,'C23','S208','2023-11-29','16:28:49',4.35,'T4','F01','P01',NULL),(492,'C47','S102','2023-11-29','16:31:25',5.00,'T2','F08','P05','P11'),(493,'C02','S210','2023-11-29','16:34:31',4.50,'T2','F06','P10','P08'),(494,'C06','S205','2023-11-29','16:41:14',4.00,'T3','F08','P06',NULL),(495,'C43','S103','2023-11-29','17:09:46',4.35,'T1','F02','P13',NULL),(496,'C57','S205','2023-11-29','17:38:27',4.35,'T5','F03','P04',NULL),(497,'C19','S103','2023-11-29','17:42:14',4.00,'T1','F10','P08',NULL),(498,'C52','S103','2023-11-30','13:25:11',4.00,'T5','F08','P01',NULL),(499,'C06','S210','2023-11-30','13:36:11',4.35,'T3','F08','P05',NULL),(500,'C24','S103','2023-11-30','15:14:54',4.00,'T2','F07','P13',NULL),(501,'C36','S103','2023-11-30','15:45:18',5.00,'T2','F08','P10','P04'),(502,'C50','S209','2023-11-30','16:02:58',4.50,'T2','F05','P06','P07'),(503,'C61','S102','2023-11-30','16:39:46',4.00,'T3','F05','P06',NULL),(504,'C32','S206','2023-11-30','16:50:40',5.00,'T5','F05','P01','P11'),(505,'C10','S208','2023-11-30','17:10:53',4.50,'T1','F05','P06',NULL),(506,'C33','S102','2023-11-30','17:19:43',5.00,'T4','F03','P09','P02'),(507,'C37','S210','2023-11-30','17:40:54',4.00,'T2','F04','P08',NULL),(508,'C25','S102','2023-12-01','11:35:49',4.00,'T5','F10','P07',NULL),(509,'C35','S205','2023-12-01','12:05:41',4.35,'T1','F01','P01',NULL),(510,'C40','S208','2023-12-01','12:19:05',4.00,'T5','F05','P03',NULL),(511,'C26','S208','2023-12-01','12:20:13',4.00,'T2','F03','P11',NULL),(512,'C56','S206','2023-12-01','12:40:39',4.35,'T4','F01','P05',NULL),(513,'C46','S001','2023-12-01','12:46:39',4.00,'T4','F08','P01',NULL),(514,'C14','S209','2023-12-01','12:57:04',5.00,'T4','F01','P12','P06'),(515,'C57','S209','2023-12-01','13:24:15',4.35,'T4','F01','P13',NULL),(516,'C27','S210','2023-12-01','14:38:39',4.00,'T3','F01','P12',NULL),(517,'C39','S206','2023-12-01','15:05:02',4.50,'T3','F08','P13','P06'),(518,'C01','S104','2023-12-01','15:24:51',5.00,'T2','F03','P14','P14'),(519,'C25','S208','2023-12-01','15:25:29',4.50,'T5','F04','P11','P05'),(520,'C34','S104','2023-12-01','15:35:14',4.00,'T5','F02','P01',NULL),(521,'C21','S104','2023-12-01','16:55:56',4.00,'T2','F08','P07',NULL),(522,'C32','S104','2023-12-01','17:07:16',4.50,'T4','F10','P11','P01'),(523,'C17','S209','2023-12-01','17:19:49',5.00,'T5','F07','P06','P04'),(524,'C56','S207','2023-12-01','17:56:27',4.35,'T3','F05','P02',NULL),(525,'C05','S207','2023-12-02','11:07:28',4.00,'T2','F06','P14',NULL),(526,'C13','S102','2023-12-02','11:34:26',4.50,'T1','F08','P01','P08'),(527,'C29','S209','2023-12-02','12:21:15',4.00,'T5','F10','P12',NULL),(528,'C06','S103','2023-12-02','12:38:52',4.50,'T1','F08','P05','P12'),(529,'C40','S102','2023-12-02','12:53:41',4.00,'T1','F01','P12',NULL),(530,'C37','S103','2023-12-02','13:12:32',3.50,'T4','F04',NULL,NULL),(531,'C05','S207','2023-12-02','13:18:06',3.75,'T3','F08',NULL,NULL),(532,'C27','S206','2023-12-02','14:09:56',4.50,'T4','F04','P12','P08'),(533,'C54','S207','2023-12-02','14:11:14',4.00,'T1','F10','P11',NULL),(534,'C60','S207','2023-12-02','14:25:21',4.00,'T5','F10','P14',NULL),(535,'C11','S103','2023-12-02','14:30:49',4.00,'T2','F02','P10',NULL),(536,'C37','S210','2023-12-02','15:37:03',5.00,'T3','F09','P14','P09'),(537,'C47','S209','2023-12-02','15:46:46',5.00,'T5','F02','P02','P04'),(538,'C05','S207','2023-12-02','15:47:54',4.50,'T5','F09','P10','P09'),(539,'C57','S207','2023-12-02','15:50:02',4.50,'T1','F02','P05','P11'),(540,'C10','S102','2023-12-02','16:16:52',4.00,'T2','F02','P02',NULL),(541,'C47','S206','2023-12-02','16:45:51',4.00,'T5','F02','P14',NULL),(542,'C30','S001','2023-12-02','17:47:52',4.00,'T2','F02','P11',NULL),(543,'C54','S206','2023-12-03','11:10:26',4.00,'T5','F05','P05',NULL),(544,'C25','S104','2023-12-03','11:14:37',4.50,'T4','F06','P12','P03'),(545,'C24','S210','2023-12-03','11:24:12',4.35,'T1','F04','P14',NULL),(546,'C25','S103','2023-12-03','12:05:58',4.00,'T5','F02','P01',NULL),(547,'C42','S207','2023-12-03','12:09:43',4.00,'T2','F01','P09',NULL),(548,'C54','S103','2023-12-03','12:29:20',3.75,'T1','F01',NULL,NULL),(549,'C43','S103','2023-12-03','12:38:53',4.00,'T5','F02','P14',NULL),(550,'C41','S209','2023-12-03','12:42:46',4.35,'T5','F07','P14',NULL),(551,'C28','S001','2023-12-03','13:06:09',4.50,'T3','F05','P08','P01'),(552,'C38','S205','2023-12-03','14:03:54',4.00,'T1','F03','P13',NULL),(553,'C09','S207','2023-12-03','15:41:03',4.50,'T4','F02','P13','P12'),(554,'C43','S205','2023-12-03','16:34:41',4.00,'T1','F02','P01',NULL),(555,'C11','S102','2023-12-03','17:42:27',5.00,'T1','F02','P05','P06'),(556,'C59','S102','2023-12-03','17:44:33',4.00,'T4','F02','P14',NULL),(557,'C47','S104','2023-12-03','17:46:10',5.00,'T4','F04','P04','P05'),(558,'C19','S205','2023-12-03','17:52:56',4.50,'T4','F06','P05','P06'),(559,'C58','S206','2023-12-03','17:59:42',3.75,'T2','F02',NULL,NULL),(560,'C19','S208','2023-12-04','11:30:50',3.50,'T5','F02',NULL,NULL),(561,'C23','S102','2023-12-04','11:38:13',3.75,'T1','F03',NULL,NULL),(562,'C07','S102','2023-12-04','11:56:49',4.50,'T5','F05','P10','P13'),(563,'C61','S001','2023-12-04','12:20:05',4.00,'T5','F04','P05',NULL),(564,'C48','S104','2023-12-04','12:36:38',4.50,'T3','F10','P06','P03'),(565,'C48','S001','2023-12-04','12:51:57',5.00,'T3','F06','P06','P13'),(566,'C06','S102','2023-12-04','13:02:52',4.00,'T4','F02','P13',NULL),(567,'C58','S208','2023-12-04','13:46:15',4.35,'T4','F06','P03',NULL),(568,'C05','S209','2023-12-04','14:11:52',4.00,'T4','F03','P09',NULL),(569,'C58','S210','2023-12-04','15:15:33',4.00,'T4','F04','P13',NULL),(570,'C61','S001','2023-12-04','15:44:18',4.50,'T1','F02','P07','P05'),(571,'C16','S210','2023-12-04','16:34:48',4.00,'T2','F09','P11',NULL),(572,'C44','S001','2023-12-04','16:43:24',4.00,'T1','F02','P10',NULL),(573,'C26','S207','2023-12-04','16:50:43',4.50,'T5','F01','P07','P08'),(574,'C48','S103','2023-12-04','16:59:44',5.00,'T3','F07','P13','P13'),(575,'C31','S208','2023-12-04','17:20:15',4.35,'T3','F09','P11',NULL),(576,'C46','S001','2023-12-04','17:51:55',5.00,'T2','F07','P01','P07'),(577,'C53','S104','2023-12-04','17:57:31',4.35,'T3','F10','P09',NULL),(578,'C46','S210','2023-12-04','17:57:48',4.50,'T4','F06','P12','P07'),(579,'C31','S102','2023-12-05','11:21:19',4.00,'T4','F02','P14',NULL),(580,'C29','S206','2023-12-05','11:25:06',5.00,'T3','F07','P14','P09'),(581,'C43','S104','2023-12-05','12:34:05',4.00,'T4','F02','P07',NULL),(582,'C30','S104','2023-12-05','12:43:48',4.50,'T4','F02','P07','P12'),(583,'C61','S102','2023-12-05','12:46:07',4.50,'T3','F08','P06','P13'),(584,'C25','S205','2023-12-05','13:03:27',5.00,'T2','F05','P03','P01'),(585,'C05','S104','2023-12-05','13:27:45',4.00,'T5','F02','P06',NULL),(586,'C07','S001','2023-12-05','13:44:36',4.50,'T1','F06','P10','P06'),(587,'C61','S205','2023-12-05','13:55:21',4.50,'T3','F01','P05','P06'),(588,'C54','S206','2023-12-05','13:59:25',4.35,'T2','F01','P09',NULL),(589,'C35','S210','2023-12-05','14:04:12',5.00,'T1','F09','P06','P07'),(590,'C45','S209','2023-12-05','14:28:27',4.50,'T2','F07','P12','P02'),(591,'C20','S208','2023-12-05','14:36:51',4.00,'T2','F04','P13',NULL),(592,'C36','S102','2023-12-05','14:37:57',4.35,'T2','F09','P06',NULL),(593,'C06','S001','2023-12-05','15:34:51',4.00,'T4','F02','P06',NULL),(594,'C25','S206','2023-12-05','15:43:01',4.00,'T3','F10','P05',NULL),(595,'C34','S210','2023-12-05','15:59:39',4.00,'T5','F01','P12',NULL),(596,'C06','S209','2023-12-05','16:02:14',5.00,'T1','F10','P02','P08'),(597,'C55','S102','2023-12-05','16:18:18',4.35,'T5','F05','P07',NULL),(598,'C46','S205','2023-12-05','16:45:18',4.00,'T2','F03','P13',NULL),(599,'C26','S205','2023-12-05','17:07:56',4.50,'T4','F07','P12','P04'),(600,'C08','S001','2023-12-05','17:34:15',4.00,'T4','F10','P11',NULL);
/*!40000 ALTER TABLE `sales` ENABLE KEYS */;
UNLOCK TABLES;

--
-- Table structure for table `staff`
--

DROP TABLE IF EXISTS `staff`;
/*!40101 SET @saved_cs_client     = @@character_set_client */;
/*!50503 SET character_set_client = utf8mb4 */;
CREATE TABLE `staff` (
  `staff_id` varchar(5) NOT NULL,
  `first_name` varchar(25) NOT NULL,
  `last_name` varchar(25) NOT NULL,
  `supervisor_id` varchar(5) DEFAULT NULL,
  `paycode` varchar(5) NOT NULL,
  `monthly_hours` int NOT NULL,
  `overtime` int DEFAULT '0',
  `bonus` tinyint(1) DEFAULT '0',
  PRIMARY KEY (`staff_id`),
  KEY `paycode` (`paycode`),
  CONSTRAINT `staff_ibfk_1` FOREIGN KEY (`paycode`) REFERENCES `payment` (`paycode`)
) ENGINE=InnoDB DEFAULT CHARSET=utf8mb4 COLLATE=utf8mb4_0900_ai_ci;
/*!40101 SET character_set_client = @saved_cs_client */;

--
-- Dumping data for table `staff`
--

LOCK TABLES `staff` WRITE;
/*!40000 ALTER TABLE `staff` DISABLE KEYS */;
INSERT INTO `staff` VALUES ('S001','Geoffrey','Rootes',NULL,'SM14',140,14,0),('S102','Joey','Cartwright','S001','AM12',112,21,1),('S103','Sienna','Siu','S001','AM12',112,28,0),('S104','Jennie','Mugg','S001','AM12',112,32,0),('S205','Phil','Delphi','S102','BB11',56,0,0),('S206','Aki','Mame','S102','BB11',70,7,0),('S207','Eoin','Conway','S103','BB11',70,0,1),('S208','Layla','Wells','S103','BB11',56,0,0),('S209','Aaron','Handsome','S104','BB11',56,21,0),('S210','Brad','Boetticher','S104','BB11',56,14,0);
/*!40000 ALTER TABLE `staff` ENABLE KEYS */;
UNLOCK TABLES;
/*!50003 SET @saved_cs_client      = @@character_set_client */ ;
/*!50003 SET @saved_cs_results     = @@character_set_results */ ;
/*!50003 SET @saved_col_connection = @@collation_connection */ ;
/*!50003 SET character_set_client  = utf8mb4 */ ;
/*!50003 SET character_set_results = utf8mb4 */ ;
/*!50003 SET collation_connection  = utf8mb4_0900_ai_ci */ ;
/*!50003 SET @saved_sql_mode       = @@sql_mode */ ;
/*!50003 SET sql_mode              = 'ONLY_FULL_GROUP_BY,STRICT_TRANS_TABLES,NO_ZERO_IN_DATE,NO_ZERO_DATE,ERROR_FOR_DIVISION_BY_ZERO,NO_ENGINE_SUBSTITUTION' */ ;
DELIMITER ;;
/*!50003 CREATE*/ /*!50017 DEFINER=`root`@`localhost`*/ /*!50003 TRIGGER `staff_backup` BEFORE UPDATE ON `staff` FOR EACH ROW BEGIN
	INSERT INTO staff_history(log_date, staff_id, paycode, monthly_hours, overtime, bonus) VALUES
		(CURDATE(), OLD.staff_id, OLD.paycode, OLD.monthly_hours, OLD.overtime, OLD.bonus);
END */;;
DELIMITER ;
/*!50003 SET sql_mode              = @saved_sql_mode */ ;
/*!50003 SET character_set_client  = @saved_cs_client */ ;
/*!50003 SET character_set_results = @saved_cs_results */ ;
/*!50003 SET collation_connection  = @saved_col_connection */ ;

--
-- Table structure for table `staff_history`
--

DROP TABLE IF EXISTS `staff_history`;
/*!40101 SET @saved_cs_client     = @@character_set_client */;
/*!50503 SET character_set_client = utf8mb4 */;
CREATE TABLE `staff_history` (
  `log_id` int NOT NULL AUTO_INCREMENT,
  `log_date` date DEFAULT NULL,
  `staff_id` varchar(5) DEFAULT NULL,
  `paycode` varchar(5) DEFAULT NULL,
  `monthly_hours` int DEFAULT NULL,
  `overtime` int DEFAULT NULL,
  `bonus` tinyint(1) DEFAULT NULL,
  PRIMARY KEY (`log_id`),
  KEY `staff_id` (`staff_id`),
  KEY `paycode` (`paycode`),
  CONSTRAINT `staff_history_ibfk_1` FOREIGN KEY (`staff_id`) REFERENCES `staff` (`staff_id`),
  CONSTRAINT `staff_history_ibfk_2` FOREIGN KEY (`paycode`) REFERENCES `payment` (`paycode`)
) ENGINE=InnoDB AUTO_INCREMENT=32 DEFAULT CHARSET=utf8mb4 COLLATE=utf8mb4_0900_ai_ci;
/*!40101 SET character_set_client = @saved_cs_client */;

--
-- Dumping data for table `staff_history`
--

LOCK TABLES `staff_history` WRITE;
/*!40000 ALTER TABLE `staff_history` DISABLE KEYS */;
INSERT INTO `staff_history` VALUES (1,'2023-12-05','S206','BB11',70,4,0),(2,'2023-12-05','S001','SM14',140,14,0),(3,'2023-12-05','S102','AM12',112,21,1),(4,'2023-12-05','S103','AM12',112,28,0),(5,'2023-12-05','S104','AM12',112,32,0),(6,'2023-12-05','S205','BB11',56,0,0),(7,'2023-12-05','S206','BB11',70,8,0),(8,'2023-12-05','S207','BB11',70,21,1),(9,'2023-12-05','S208','BB11',56,0,0),(10,'2023-12-05','S209','BB11',56,7,0),(11,'2023-12-05','S210','BB11',56,14,0),(12,'2023-12-05','S001','SM14',140,0,0),(13,'2023-12-05','S102','AM12',112,0,1),(14,'2023-12-05','S103','AM12',112,0,0),(15,'2023-12-05','S104','AM12',112,0,0),(16,'2023-12-05','S205','BB11',56,0,0),(17,'2023-12-05','S206','BB11',70,0,0),(18,'2023-12-05','S207','BB11',70,0,1),(19,'2023-12-05','S208','BB11',56,0,0),(20,'2023-12-05','S209','BB11',56,0,0),(21,'2023-12-05','S210','BB11',56,0,0),(22,'2023-12-05','S102','AM12',112,0,0),(23,'2023-12-05','S207','BB11',70,0,0),(24,'2023-12-05','S206','BB11',70,0,0),(25,'2023-12-05','S209','BB11',56,0,0),(26,'2023-12-05','S001','SM14',140,0,0),(27,'2023-12-05','S210','BB11',56,0,0),(28,'2023-12-05','S102','AM12',112,0,1),(29,'2023-12-05','S209','BB11',56,7,0),(30,'2023-12-05','S103','AM12',112,0,0),(31,'2023-12-05','S104','AM12',112,0,0);
/*!40000 ALTER TABLE `staff_history` ENABLE KEYS */;
UNLOCK TABLES;

--
-- Table structure for table `teas`
--

DROP TABLE IF EXISTS `teas`;
/*!40101 SET @saved_cs_client     = @@character_set_client */;
/*!50503 SET character_set_client = utf8mb4 */;
CREATE TABLE `teas` (
  `tea_id` varchar(5) NOT NULL,
  `tea_name` varchar(20) DEFAULT NULL,
  `in_stock` tinyint(1) DEFAULT NULL,
  PRIMARY KEY (`tea_id`)
) ENGINE=InnoDB DEFAULT CHARSET=utf8mb4 COLLATE=utf8mb4_0900_ai_ci;
/*!40101 SET character_set_client = @saved_cs_client */;

--
-- Dumping data for table `teas`
--

LOCK TABLES `teas` WRITE;
/*!40000 ALTER TABLE `teas` DISABLE KEYS */;
INSERT INTO `teas` VALUES ('T1','Assam',0),('T2','EnglishBreakfast',1),('T3','Green',1),('T4','Matcha',1),('T5','Oolong',0);
/*!40000 ALTER TABLE `teas` ENABLE KEYS */;
UNLOCK TABLES;

--
-- Table structure for table `toppings`
--

DROP TABLE IF EXISTS `toppings`;
/*!40101 SET @saved_cs_client     = @@character_set_client */;
/*!50503 SET character_set_client = utf8mb4 */;
CREATE TABLE `toppings` (
  `topping_id` varchar(5) NOT NULL,
  `topping_name` varchar(20) DEFAULT NULL,
  `category` varchar(20) DEFAULT NULL,
  `in_stock` tinyint(1) DEFAULT NULL,
  PRIMARY KEY (`topping_id`)
) ENGINE=InnoDB DEFAULT CHARSET=utf8mb4 COLLATE=utf8mb4_0900_ai_ci;
/*!40101 SET character_set_client = @saved_cs_client */;

--
-- Dumping data for table `toppings`
--

LOCK TABLES `toppings` WRITE;
/*!40000 ALTER TABLE `toppings` DISABLE KEYS */;
INSERT INTO `toppings` VALUES ('P01','Tapioca','Trad',1),('P02','Salted Cheese','Trad',1),('P03','Pudding','Trad',1),('P04','Red Bean','Trad',0),('P05','Taro','Trad',1),('P06','Grass Jelly','Jelly',1),('P07','Apple','Jelly',1),('P08','Grape','Jelly',1),('P09','Kiwi','PoppingPearl',0),('P10','Lychee','PoppingPearl',1),('P11','Passionfruit','PoppingPearl',1),('P12','Pineapple','Jelly',1),('P13','Strawberry','Popping Pearl',0),('P14','Watermelon','Jelly',1);
/*!40000 ALTER TABLE `toppings` ENABLE KEYS */;
UNLOCK TABLES;

--
-- Temporary view structure for view `vw_favourite_drinks`
--

DROP TABLE IF EXISTS `vw_favourite_drinks`;
/*!50001 DROP VIEW IF EXISTS `vw_favourite_drinks`*/;
SET @saved_cs_client     = @@character_set_client;
/*!50503 SET character_set_client = utf8mb4 */;
/*!50001 CREATE VIEW `vw_favourite_drinks` AS SELECT 
 1 AS `customer_id`,
 1 AS `first_name`,
 1 AS `last_name`,
 1 AS `favourite_tea`,
 1 AS `favourite_flavour`,
 1 AS `favourite_topping`*/;
SET character_set_client = @saved_cs_client;

--
-- Temporary view structure for view `vw_staff_common`
--

DROP TABLE IF EXISTS `vw_staff_common`;
/*!50001 DROP VIEW IF EXISTS `vw_staff_common`*/;
SET @saved_cs_client     = @@character_set_client;
/*!50503 SET character_set_client = utf8mb4 */;
/*!50001 CREATE VIEW `vw_staff_common` AS SELECT 
 1 AS `staff_id`,
 1 AS `first_name`,
 1 AS `last_name`,
 1 AS `supervisor`*/;
SET character_set_client = @saved_cs_client;

--
-- Dumping events for database 'bobashop'
--

--
-- Dumping routines for database 'bobashop'
--
/*!50003 DROP FUNCTION IF EXISTS `is_eligible_for_reward` */;
/*!50003 SET @saved_cs_client      = @@character_set_client */ ;
/*!50003 SET @saved_cs_results     = @@character_set_results */ ;
/*!50003 SET @saved_col_connection = @@collation_connection */ ;
/*!50003 SET character_set_client  = utf8mb4 */ ;
/*!50003 SET character_set_results = utf8mb4 */ ;
/*!50003 SET collation_connection  = utf8mb4_0900_ai_ci */ ;
/*!50003 SET @saved_sql_mode       = @@sql_mode */ ;
/*!50003 SET sql_mode              = 'ONLY_FULL_GROUP_BY,STRICT_TRANS_TABLES,NO_ZERO_IN_DATE,NO_ZERO_DATE,ERROR_FOR_DIVISION_BY_ZERO,NO_ENGINE_SUBSTITUTION' */ ;
DELIMITER ;;
CREATE DEFINER=`root`@`localhost` FUNCTION `is_eligible_for_reward`(points INT) RETURNS varchar(20) CHARSET utf8mb4
    DETERMINISTIC
BEGIN
	DECLARE reward VARCHAR(20);
    IF points >=10 THEN
		SET reward = 'Free bubble tea!';
	ELSEIF (points >= 5 AND
			points < 10) THEN
		SET reward = '25% discount';
	ELSE
		SET reward = 'No reward';
	END IF;
    RETURN (reward);
END ;;
DELIMITER ;
/*!50003 SET sql_mode              = @saved_sql_mode */ ;
/*!50003 SET character_set_client  = @saved_cs_client */ ;
/*!50003 SET character_set_results = @saved_cs_results */ ;
/*!50003 SET collation_connection  = @saved_col_connection */ ;
/*!50003 DROP PROCEDURE IF EXISTS `new_sale` */;
/*!50003 SET @saved_cs_client      = @@character_set_client */ ;
/*!50003 SET @saved_cs_results     = @@character_set_results */ ;
/*!50003 SET @saved_col_connection = @@collation_connection */ ;
/*!50003 SET character_set_client  = utf8mb4 */ ;
/*!50003 SET character_set_results = utf8mb4 */ ;
/*!50003 SET collation_connection  = utf8mb4_0900_ai_ci */ ;
/*!50003 SET @saved_sql_mode       = @@sql_mode */ ;
/*!50003 SET sql_mode              = 'ONLY_FULL_GROUP_BY,STRICT_TRANS_TABLES,NO_ZERO_IN_DATE,NO_ZERO_DATE,ERROR_FOR_DIVISION_BY_ZERO,NO_ENGINE_SUBSTITUTION' */ ;
DELIMITER ;;
CREATE DEFINER=`root`@`localhost` PROCEDURE `new_sale`(c_id VARCHAR(5), s_id VARCHAR(5), t_id VARCHAR(5),
f_id VARCHAR(5), p1_id VARCHAR(5), p2_id VARCHAR(5))
BEGIN
	DECLARE price DEC(3,2);
	IF (p1_id IS NULL AND p2_id IS NOT NULL) THEN
		SELECT CONCAT('Invalid order!') AS new_sale_error;
	ELSEIF (p1_id IS NULL AND p2_id IS NULL) THEN
		SET price = 3.5;
        INSERT INTO sales(customer_id, staff_id, sale_date, sale_time, price,
        tea_id, flavour_id) VALUES
			(c_id, s_id, CURDATE(), CURTIME(), price, t_id, f_id);
		UPDATE customers SET loyaltea_points = loyaltea_points + 1 WHERE customer_id = c_id;
	ELSEIF (p1_id IS NOT NULL AND p2_id IS NULL) THEN
		SET price = 4;
        INSERT INTO sales(customer_id, staff_id, sale_date, sale_time, price,
        tea_id, flavour_id, topping1_id) VALUES
			(c_id, s_id, CURDATE(), CURTIME(), price, t_id, f_id, p1_id);
		UPDATE customers SET loyaltea_points = loyaltea_points + 1 WHERE customer_id = c_id;
	ELSEIF (p1_id IS NOT NULL AND p2_id IS NOT NULL) THEN
		SET price = 4.5;
        INSERT INTO sales(customer_id, staff_id, sale_date, sale_time, price,
        tea_id, flavour_id, topping1_id, topping2_id) VALUES
			(c_id, s_id, CURDATE(), CURTIME(), price, t_id, f_id, p1_id, p2_id);
		UPDATE customers SET loyaltea_points = loyaltea_points + 1 WHERE customer_id = c_id;
	END IF;
END ;;
DELIMITER ;
/*!50003 SET sql_mode              = @saved_sql_mode */ ;
/*!50003 SET character_set_client  = @saved_cs_client */ ;
/*!50003 SET character_set_results = @saved_cs_results */ ;
/*!50003 SET collation_connection  = @saved_col_connection */ ;

--
-- Final view structure for view `vw_favourite_drinks`
--

/*!50001 DROP VIEW IF EXISTS `vw_favourite_drinks`*/;
/*!50001 SET @saved_cs_client          = @@character_set_client */;
/*!50001 SET @saved_cs_results         = @@character_set_results */;
/*!50001 SET @saved_col_connection     = @@collation_connection */;
/*!50001 SET character_set_client      = utf8mb4 */;
/*!50001 SET character_set_results     = utf8mb4 */;
/*!50001 SET collation_connection      = utf8mb4_0900_ai_ci */;
/*!50001 CREATE ALGORITHM=UNDEFINED */
/*!50013 DEFINER=`root`@`localhost` SQL SECURITY DEFINER */
/*!50001 VIEW `vw_favourite_drinks` AS select `c`.`customer_id` AS `customer_id`,`c`.`first_name` AS `first_name`,`c`.`last_name` AS `last_name`,`t`.`tea_name` AS `favourite_tea`,`f`.`flavour_name` AS `favourite_flavour`,`p`.`topping_name` AS `favourite_topping` from (((`customers` `c` left join `teas` `t` on((`c`.`favourite_tea_id` = `t`.`tea_id`))) left join `flavours` `f` on((`c`.`favourite_flavour_id` = `f`.`flavour_id`))) left join `toppings` `p` on((`c`.`favourite_topping_id` = `p`.`topping_id`))) */;
/*!50001 SET character_set_client      = @saved_cs_client */;
/*!50001 SET character_set_results     = @saved_cs_results */;
/*!50001 SET collation_connection      = @saved_col_connection */;

--
-- Final view structure for view `vw_staff_common`
--

/*!50001 DROP VIEW IF EXISTS `vw_staff_common`*/;
/*!50001 SET @saved_cs_client          = @@character_set_client */;
/*!50001 SET @saved_cs_results         = @@character_set_results */;
/*!50001 SET @saved_col_connection     = @@collation_connection */;
/*!50001 SET character_set_client      = utf8mb4 */;
/*!50001 SET character_set_results     = utf8mb4 */;
/*!50001 SET collation_connection      = utf8mb4_0900_ai_ci */;
/*!50001 CREATE ALGORITHM=UNDEFINED */
/*!50013 DEFINER=`root`@`localhost` SQL SECURITY DEFINER */
/*!50001 VIEW `vw_staff_common` AS select `s1`.`staff_id` AS `staff_id`,`s1`.`first_name` AS `first_name`,`s1`.`last_name` AS `last_name`,ifnull(concat(`s2`.`first_name`,' ',`s2`.`last_name`),'N/A') AS `supervisor` from (`staff` `s1` left join `staff` `s2` on((`s2`.`staff_id` = `s1`.`supervisor_id`))) */;
/*!50001 SET character_set_client      = @saved_cs_client */;
/*!50001 SET character_set_results     = @saved_cs_results */;
/*!50001 SET collation_connection      = @saved_col_connection */;
/*!40103 SET TIME_ZONE=@OLD_TIME_ZONE */;

/*!40101 SET SQL_MODE=@OLD_SQL_MODE */;
/*!40014 SET FOREIGN_KEY_CHECKS=@OLD_FOREIGN_KEY_CHECKS */;
/*!40014 SET UNIQUE_CHECKS=@OLD_UNIQUE_CHECKS */;
/*!40101 SET CHARACTER_SET_CLIENT=@OLD_CHARACTER_SET_CLIENT */;
/*!40101 SET CHARACTER_SET_RESULTS=@OLD_CHARACTER_SET_RESULTS */;
/*!40101 SET COLLATION_CONNECTION=@OLD_COLLATION_CONNECTION */;
/*!40111 SET SQL_NOTES=@OLD_SQL_NOTES */;

-- Dump completed on 2023-12-06 13:38:07
